A,R,N,D,C,Q,E,G,H,I,L,K,M,F,P,S,T,W,Y,V,label
0.112299465,0.080213904,0.026737968,0.090909091,0,0.032085561,0.080213904,0.085561497,0.032085561,0.032085561,0.122994652,0.032085561,0.016042781,0.016042781,0.058823529,0.048128342,0.048128342,0.010695187,0.032085561,0.042780749,alpha
0.106060606,0.136363636,0.015151515,0.015151515,0,0.060606061,0,0.03030303,0.03030303,0,0.090909091,0.212121212,0.045454545,0.03030303,0.015151515,0.090909091,0.060606061,0,0.015151515,0.045454545,beta
0.09375,0.015625,0.078125,0.015625,0,0.03125,0.0625,0.046875,0,0.078125,0.09375,0.0625,0.09375,0,0.09375,0.015625,0.078125,0,0.015625,0.125,beta
0.072815534,0.077669903,0.019417476,0.053398058,0,0.019417476,0.131067961,0.058252427,0.029126214,0.04368932,0.097087379,0.058252427,0.014563107,0.029126214,0.077669903,0.04368932,0.014563107,0,0.029126214,0.131067961,beta
0.073170732,0.024390244,0.024390244,0.048780488,0,0,0.024390244,0.024390244,0,0.097560976,0.097560976,0.024390244,0.024390244,0.146341463,0.073170732,0.048780488,0.146341463,0.024390244,0.048780488,0.048780488,alpha
0.039215686,0.026143791,0.091503268,0.045751634,0,0.013071895,0.019607843,0.169934641,0.013071895,0.08496732,0.039215686,0.039215686,0.019607843,0.045751634,0.045751634,0.078431373,0.098039216,0.013071895,0.045751634,0.071895425,beta
0.077531646,0.080696203,0.041139241,0.068037975,0.009493671,0.042721519,0.07278481,0.039556962,0.044303797,0.036392405,0.064873418,0.068037975,0.014240506,0.025316456,0.058544304,0.126582278,0.044303797,0.006329114,0.022151899,0.056962025,beta
0.050913116,0.060874377,0.04039845,0.054233536,0.035971223,0.048146099,0.069175429,0.078583287,0.024349751,0.036524626,0.097952407,0.039291644,0.018262313,0.029330382,0.060320974,0.083010515,0.062534588,0.012728279,0.030990592,0.066408412,beta
0.08,0.038571429,0.051428571,0.058571429,0.004285714,0.045714286,0.052857143,0.065714286,0.024285714,0.06,0.094285714,0.085714286,0.018571429,0.037142857,0.041428571,0.055714286,0.054285714,0.022857143,0.055714286,0.052857143,alpha
0.070208729,0.049335863,0.039848197,0.05313093,0.018975332,0.039848197,0.081593928,0.077798861,0.017077799,0.09487666,0.081593928,0.079696395,0.017077799,0.028462998,0.060721063,0.04743833,0.051233397,0.003795066,0.013282732,0.074003795,beta
0.08490566,0.045454545,0.04245283,0.060034305,0.015008576,0.03516295,0.05703259,0.067753002,0.025728988,0.046312178,0.08490566,0.061749571,0.025728988,0.046740995,0.055746141,0.054030875,0.069039451,0.010291595,0.034305317,0.07761578,beta
0.115384615,0.0625,0.024038462,0.019230769,0.004807692,0.043269231,0.038461538,0.072115385,0.009615385,0.038461538,0.105769231,0.086538462,0.009615385,0.038461538,0.0625,0.086538462,0.076923077,0.004807692,0.024038462,0.076923077,beta
0.186046512,0.147286822,0.054263566,0.054263566,0,0.031007752,0.03875969,0.046511628,0.015503876,0.054263566,0.085271318,0.07751938,0.007751938,0.015503876,0.023255814,0.046511628,0.015503876,0.007751938,0.03875969,0.054263566,alpha
0.060606061,0.060606061,0.053030303,0.060606061,0,0.022727273,0.053030303,0.083333333,0,0.090909091,0.053030303,0.106060606,0.022727273,0.022727273,0.03030303,0.037878788,0.060606061,0.007575758,0.037878788,0.136363636,beta
0.168674699,0.048192771,0.120481928,0.036144578,0,0.036144578,0.036144578,0,0.012048193,0.060240964,0.060240964,0.156626506,0.036144578,0,0,0.096385542,0.060240964,0,0,0.072289157,alpha
0.08358209,0.050746269,0.080597015,0.035820896,0.005970149,0.035820896,0.014925373,0.149253731,0.002985075,0.017910448,0.047761194,0.020895522,0.023880597,0.017910448,0.035820896,0.101492537,0.104477612,0.041791045,0.056716418,0.071641791,beta
0.050080775,0.037156704,0.074313409,0.047657512,0.01453958,0.040387722,0.054927302,0.040387722,0.021001616,0.051696284,0.085621971,0.083198708,0.009693053,0.040387722,0.05815832,0.149434572,0.057350565,0.004038772,0.024232633,0.055735057,beta
0.094771242,0.10130719,0.045751634,0.022875817,0.009803922,0.032679739,0.029411765,0.098039216,0.022875817,0.052287582,0.088235294,0.062091503,0.029411765,0.013071895,0.068627451,0.065359477,0.052287582,0.016339869,0.016339869,0.078431373,beta
0.072072072,0.117117117,0.045045045,0.063063063,0,0.027027027,0.117117117,0.036036036,0.009009009,0.054054054,0.09009009,0.099099099,0.027027027,0.018018018,0.036036036,0.045045045,0.018018018,0.036036036,0.054054054,0.036036036,alpha
0.082489146,0.082489146,0.026049204,0.044862518,0.013024602,0.00723589,0.117221418,0.070911722,0.018813314,0.066570188,0.099855282,0.063675832,0.018813314,0.031837916,0.024602026,0.063675832,0.041968162,0.013024602,0.027496382,0.085383502,alpha
0.051948052,0.12987013,0.038961039,0.032467532,0.019480519,0.051948052,0.051948052,0.11038961,0.045454545,0.045454545,0.11038961,0.077922078,0.006493506,0.012987013,0.025974026,0.045454545,0.058441558,0,0.012987013,0.071428571,beta
0.094637224,0.022082019,0.066246057,0.028391167,0.006309148,0.063091483,0.063091483,0.082018927,0.003154574,0.05362776,0.088328076,0.078864353,0.015772871,0.03785489,0.075709779,0.034700315,0.031545741,0,0.03785489,0.116719243,beta
0.166666667,0.037037037,0.043209877,0.043209877,0.012345679,0.049382716,0.049382716,0.074074074,0.00617284,0.061728395,0.074074074,0.043209877,0.030864198,0.024691358,0.030864198,0.061728395,0.080246914,0.00617284,0.067901235,0.037037037,alpha
0.033970276,0.021231423,0.074309979,0.048832272,0.055201699,0.053078556,0.048832272,0.055201699,0.044585987,0.078556263,0.087048832,0.080679406,0.021231423,0.053078556,0.023354565,0.091295117,0.042462845,0.010615711,0.033970276,0.042462845,alpha
0.05831202,0.048081841,0.050639386,0.060358056,0.012276215,0.036828645,0.063938619,0.051150895,0.01483376,0.070076726,0.084398977,0.039897698,0.016879795,0.037851662,0.090537084,0.073657289,0.076214834,0.002046036,0.033759591,0.07826087,beta
0.056722689,0.06092437,0.031512605,0.046218487,0.012605042,0.06302521,0.096638655,0.058823529,0.027310924,0.029411765,0.088235294,0.079831933,0.029411765,0.025210084,0.06302521,0.077731092,0.06092437,0.021008403,0.025210084,0.046218487,beta
0.078817734,0.054187192,0.049261084,0.093596059,0.019704433,0.024630542,0.093596059,0.039408867,0.009852217,0.054187192,0.098522167,0.113300493,0.019704433,0.034482759,0.019704433,0.068965517,0.044334975,0.004926108,0.009852217,0.068965517,alpha
0.055309735,0.159292035,0.01880531,0.023230088,0.001106195,0.036504425,0.066371681,0.025442478,0.019911504,0.017699115,0.029867257,0.112831858,0.009955752,0.011061947,0.157079646,0.167035398,0.043141593,0.003318584,0.004424779,0.037610619,beta
0.068062827,0.02617801,0.073298429,0.052356021,0,0.02617801,0.073298429,0.094240838,0.036649215,0.052356021,0.09947644,0.078534031,0.005235602,0.057591623,0.036649215,0.047120419,0.057591623,0.02617801,0.036649215,0.052356021,alpha
0.066666667,0.026666667,0.026666667,0.053333333,0,0.04,0.093333333,0.08,0.053333333,0.08,0.04,0.12,0.026666667,0.04,0,0.066666667,0.08,0,0.013333333,0.093333333,beta
0.114173228,0.035433071,0.011811024,0.051181102,0,0.023622047,0.039370079,0.098425197,0,0.070866142,0.149606299,0.011811024,0.035433071,0.05511811,0.023622047,0.05511811,0.070866142,0.023622047,0.039370079,0.090551181,alpha
0.1,0.03125,0.0625,0.0625,0.0125,0.04375,0.01875,0.10625,0.00625,0.0375,0.0625,0.05625,0.025,0.0375,0.0375,0.04375,0.125,0.01875,0.03125,0.08125,beta
0.109090909,0.045454545,0.039772727,0.071590909,0.006818182,0.029545455,0.051136364,0.105681818,0.018181818,0.025,0.054545455,0.022727273,0.015909091,0.0375,0.068181818,0.072727273,0.077272727,0.030681818,0.05,0.068181818,beta
0.064935065,0.142857143,0.051948052,0.025974026,0,0.038961039,0.155844156,0.077922078,0,0.025974026,0.142857143,0.025974026,0.025974026,0.025974026,0.025974026,0.038961039,0.064935065,0,0.012987013,0.051948052,alpha
0.063267233,0.03210576,0.050991501,0.068932956,0.000944287,0.033994334,0.076487252,0.065155807,0.011331445,0.069877243,0.065155807,0.0802644,0.018885741,0.042492918,0.043437205,0.06421152,0.06421152,0.024551464,0.041548631,0.082152975,beta
0.064,0.056,0.048,0.072,0.072,0.056,0.096,0.04,0.048,0.048,0.048,0.04,0.024,0.032,0.056,0.032,0.056,0.008,0.056,0.048,alpha
0.067524116,0.07073955,0.040192926,0.056270096,0.041800643,0.041800643,0.081993569,0.078778135,0.020900322,0.035369775,0.081993569,0.046623794,0.014469453,0.033762058,0.053054662,0.061093248,0.057877814,0.022508039,0.033762058,0.059485531,beta
0.112244898,0.010204082,0.06122449,0.081632653,0.010204082,0.020408163,0.040816327,0.12244898,0.020408163,0.071428571,0.040816327,0.040816327,0.020408163,0.040816327,0.051020408,0.051020408,0.071428571,0,0.030612245,0.102040816,beta
0.152173913,0.02173913,0,0.02173913,0,0.02173913,0.086956522,0.02173913,0.043478261,0.065217391,0.086956522,0.043478261,0.02173913,0.086956522,0.02173913,0.065217391,0.065217391,0.065217391,0,0.108695652,alpha
0.078688525,0.049180328,0.042622951,0.055737705,0,0.06557377,0.062295082,0.055737705,0.003278689,0.039344262,0.108196721,0.045901639,0.029508197,0.026229508,0.078688525,0.06557377,0.055737705,0.016393443,0.016393443,0.104918033,beta
0.037037037,0.061728395,0.012345679,0.049382716,0,0.061728395,0.111111111,0.111111111,0.012345679,0.098765432,0.111111111,0.111111111,0.024691358,0,0.037037037,0.024691358,0.049382716,0,0.024691358,0.061728395,alpha
0.067476949,0.053087455,0.043587594,0.07334451,0.009779268,0.026404023,0.07921207,0.080609109,0.016624756,0.05001397,0.055043308,0.084520816,0.009918972,0.025845208,0.072366583,0.066918134,0.068175468,0.01606594,0.025565801,0.075440067,beta
0.109792285,0.06231454,0.06231454,0.014836795,0,0.089020772,0.050445104,0.017804154,0.059347181,0.050445104,0.068249258,0.017804154,0.026706231,0.014836795,0.175074184,0.083086053,0.026706231,0.014836795,0.002967359,0.053412463,alpha
0.13253012,0.120481928,0,0,0.048192771,0.036144578,0.024096386,0.13253012,0.012048193,0.048192771,0.024096386,0.108433735,0.024096386,0.024096386,0.036144578,0.036144578,0.072289157,0.012048193,0.024096386,0.084337349,beta
0.060827251,0.058394161,0.03163017,0.03406326,0.01459854,0.02919708,0.090024331,0.102189781,0.02189781,0.094890511,0.090024331,0.070559611,0.02189781,0.01703163,0.063260341,0.03406326,0.060827251,0.00729927,0.01946472,0.077858881,beta
0.06120332,0.059128631,0.023858921,0.050829876,0.004149378,0.019709544,0.099585062,0.086099585,0.012448133,0.075726141,0.082987552,0.078838174,0.024896266,0.026970954,0.052904564,0.041493776,0.047717842,0.011410788,0.037344398,0.102697095,beta
0.103225806,0.064516129,0.035483871,0.116129032,0,0.051612903,0.032258065,0.077419355,0.012903226,0.061290323,0.093548387,0.058064516,0.029032258,0.019354839,0.035483871,0.048387097,0.058064516,0.012903226,0.019354839,0.070967742,alpha
0.054333184,0.039515043,0.046699596,0.058823529,0.019308487,0.040862146,0.05298608,0.061966771,0.023798833,0.063313875,0.088459811,0.060619668,0.033228559,0.053435115,0.043107319,0.077233947,0.059272564,0.016165245,0.034575662,0.072294567,beta
0.067193676,0.055335968,0.035573123,0.059288538,0.027667984,0.051383399,0.083003953,0.031620553,0.04743083,0.075098814,0.106719368,0.055335968,0.031620553,0.031620553,0.027667984,0.063241107,0.063241107,0.003952569,0.011857708,0.071146245,alpha
0.040358744,0.058295964,0.062780269,0.112107623,0.004484305,0.004484305,0.103139013,0.040358744,0.031390135,0.080717489,0.067264574,0.143497758,0.01793722,0.004484305,0.022421525,0.080717489,0.049327354,0.00896861,0.02690583,0.040358744,alpha
