A,R,N,D,C,Q,E,G,H,I,L,K,M,F,P,S,T,W,Y,V,label,header
0.07207207207207207,0.11711711711711711,0.04504504504504504,0.06306306306306306,0.0,0.02702702702702703,0.11711711711711711,0.036036036036036036,0.009009009009009009,0.05405405405405406,0.09009009009009009,0.0990990990990991,0.02702702702702703,0.018018018018018018,0.036036036036036036,0.04504504504504504,0.018018018018018018,0.036036036036036036,0.05405405405405406,0.036036036036036036,Class A,sp|P00129
0.09447771124417831,0.07318695941450433,0.04258150365934797,0.059880239520958084,0.007984031936127744,0.09514304723885562,0.09115103127079174,0.03260146373918829,0.01996007984031936,0.04856952761144378,0.12109115103127079,0.04590818363273453,0.021290751829673986,0.0332667997338656,0.01996007984031936,0.06054557551563539,0.0499001996007984,0.0053226879574184965,0.027278775781769793,0.0499001996007984,Class A,sp|Q7VL96
0.07384615384615385,0.052307692307692305,0.052307692307692305,0.033846153846153845,0.10153846153846154,0.033846153846153845,0.08,0.06769230769230769,0.04923076923076923,0.036923076923076927,0.07384615384615385,0.08923076923076922,0.018461538461538463,0.06461538461538462,0.043076923076923075,0.015384615384615385,0.021538461538461538,0.009230769230769232,0.03076923076923077,0.052307692307692305,Class B,sp|P48059
0.08653846153846154,0.038461538461538464,0.04807692307692308,0.038461538461538464,0.028846153846153848,0.028846153846153848,0.038461538461538464,0.0673076923076923,0.028846153846153848,0.08653846153846154,0.07692307692307693,0.09615384615384616,0.028846153846153848,0.019230769230769232,0.009615384615384616,0.09615384615384616,0.07692307692307693,0.0,0.038461538461538464,0.0673076923076923,Class B,sp|P0DJ59
0.0855614973262032,0.0427807486631016,0.0427807486631016,0.05614973262032086,0.034759358288770054,0.029411764705882353,0.08288770053475936,0.040106951871657755,0.016042780748663103,0.03208556149732621,0.0962566844919786,0.07754010695187166,0.0374331550802139,0.05080213903743316,0.045454545454545456,0.09090909090909091,0.026737967914438502,0.016042780748663103,0.02406417112299465,0.07219251336898395,Class B,sp|O43791
0.06060606060606061,0.10606060606060606,0.015151515151515152,0.007575757575757576,0.007575757575757576,0.022727272727272728,0.08333333333333333,0.07575757575757576,0.030303030303030304,0.05303030303030303,0.09848484848484848,0.11363636363636363,0.05303030303030303,0.03787878787878788,0.06060606060606061,0.030303030303030304,0.045454545454545456,0.0,0.03787878787878788,0.06060606060606061,Class B,sp|Q8U002
0.10843373493975904,0.07228915662650602,0.060240963855421686,0.08433734939759036,0.024096385542168676,0.03614457831325301,0.03614457831325301,0.08433734939759036,0.012048192771084338,0.08433734939759036,0.03614457831325301,0.07228915662650602,0.03614457831325301,0.04819277108433735,0.012048192771084338,0.07228915662650602,0.024096385542168676,0.0,0.024096385542168676,0.07228915662650602,Class A,sp|P63220
0.04523809523809524,0.0880952380952381,0.04285714285714286,0.06904761904761905,0.004761904761904762,0.023809523809523808,0.09047619047619047,0.07857142857142857,0.016666666666666666,0.04047619047619048,0.06904761904761905,0.09285714285714286,0.0380952380952381,0.03571428571428571,0.03333333333333333,0.09523809523809523,0.03333333333333333,0.016666666666666666,0.03333333333333333,0.05238095238095238,Class A,sp|Q9LVA9
0.09782608695652174,0.11956521739130435,0.03260869565217391,0.010869565217391304,0.0,0.05434782608695652,0.010869565217391304,0.11956521739130435,0.021739130434782608,0.021739130434782608,0.13043478260869565,0.06521739130434782,0.021739130434782608,0.010869565217391304,0.07608695652173914,0.07608695652173914,0.03260869565217391,0.043478260869565216,0.010869565217391304,0.043478260869565216,Class B,sp|Q9BQ48
0.04085733422638982,0.0361687876758205,0.06831882116543872,0.06363027461486939,0.013395847287340924,0.029470864032150032,0.0622906898861353,0.02679169457468185,0.021433355659745478,0.08372404554588078,0.14132618888144674,0.08305425318151373,0.01808439383791025,0.047555257870060284,0.026121902210314803,0.087073007367716,0.056932350971198926,0.004688546550569324,0.03415941058271936,0.05492297387809779,Class A,sp|Q04002
0.045112781954887216,0.03007518796992481,0.015037593984962405,0.045112781954887216,0.03007518796992481,0.015037593984962405,0.045112781954887216,0.12030075187969924,0.015037593984962405,0.06015037593984962,0.12030075187969924,0.07518796992481203,0.015037593984962405,0.03007518796992481,0.05263157894736842,0.09022556390977443,0.08270676691729323,0.022556390977443608,0.05263157894736842,0.03759398496240601,Class B,sp|P35495
0.15454545454545454,0.02727272727272727,0.00909090909090909,0.06363636363636363,0.0,0.02727272727272727,0.03636363636363636,0.07272727272727272,0.01818181818181818,0.02727272727272727,0.06363636363636363,0.05454545454545454,0.02727272727272727,0.03636363636363636,0.05454545454545454,0.08181818181818182,0.15454545454545454,0.01818181818181818,0.02727272727272727,0.045454545454545456,Class B,sp|P03712
0.12709832134292565,0.05275779376498801,0.014388489208633094,0.07913669064748201,0.007194244604316547,0.0407673860911271,0.06235011990407674,0.07673860911270983,0.03117505995203837,0.04316546762589928,0.09112709832134293,0.02877697841726619,0.019184652278177457,0.047961630695443645,0.06954436450839328,0.04316546762589928,0.06235011990407674,0.011990407673860911,0.026378896882494004,0.06474820143884892,Class B,sp|P29894
0.054989816700611,0.06517311608961303,0.03054989816700611,0.04073319755600815,0.010183299389002037,0.03665987780040733,0.06720977596741344,0.06313645621181263,0.03665987780040733,0.05702647657841141,0.12830957230142567,0.048879837067209775,0.026476578411405296,0.07942973523421588,0.06313645621181263,0.05091649694501019,0.05295315682281059,0.002036659877800407,0.032586558044806514,0.05295315682281059,Class A,sp|P20813
0.0845771144278607,0.07462686567164178,0.04477611940298507,0.08955223880597014,0.029850746268656716,0.03980099502487562,0.04975124378109453,0.06467661691542288,0.009950248756218905,0.01990049751243781,0.0945273631840796,0.05472636815920398,0.024875621890547265,0.04975124378109453,0.024875621890547265,0.05970149253731343,0.04477611940298507,0.029850746268656716,0.03980099502487562,0.06965174129353234,Class B,sp|P02753
0.0967741935483871,0.05865102639296188,0.04105571847507331,0.04105571847507331,0.005865102639296188,0.03225806451612903,0.07917888563049853,0.06158357771260997,0.017595307917888565,0.05571847507331378,0.0967741935483871,0.07038123167155426,0.03812316715542522,0.01466275659824047,0.0967741935483871,0.03225806451612903,0.06451612903225806,0.002932551319648094,0.03225806451612903,0.06158357771260997,Class A,sp|Q9QYS9
0.052884615384615384,0.11057692307692307,0.04807692307692308,0.028846153846153848,0.02403846153846154,0.028846153846153848,0.0673076923076923,0.08173076923076923,0.019230769230769232,0.057692307692307696,0.08173076923076923,0.14903846153846154,0.004807692307692308,0.014423076923076924,0.03365384615384615,0.04807692307692308,0.04326923076923077,0.014423076923076924,0.04807692307692308,0.04326923076923077,Class A,sp|P62241
0.04294478527607362,0.018404907975460124,0.049079754601226995,0.1165644171779141,0.018404907975460124,0.04294478527607362,0.1165644171779141,0.03680981595092025,0.012269938650306749,0.0736196319018405,0.0736196319018405,0.10429447852760736,0.024539877300613498,0.03067484662576687,0.06134969325153374,0.024539877300613498,0.06134969325153374,0.018404907975460124,0.006134969325153374,0.06748466257668712,Class B,sp|P63208
0.12781954887218044,0.022556390977443608,0.03007518796992481,0.015037593984962405,0.007518796992481203,0.007518796992481203,0.05263157894736842,0.10526315789473684,0.0,0.022556390977443608,0.12030075187969924,0.03759398496240601,0.05263157894736842,0.05263157894736842,0.05263157894736842,0.11278195488721804,0.07518796992481203,0.015037593984962405,0.007518796992481203,0.08270676691729323,Class A,sp|Q39194
0.06806282722513089,0.02617801047120419,0.07329842931937172,0.05235602094240838,0.0,0.02617801047120419,0.07329842931937172,0.09424083769633508,0.03664921465968586,0.05235602094240838,0.09947643979057591,0.07853403141361257,0.005235602094240838,0.05759162303664921,0.03664921465968586,0.04712041884816754,0.05759162303664921,0.02617801047120419,0.03664921465968586,0.05235602094240838,Class A,sp|P19665
0.07967032967032966,0.06043956043956044,0.057692307692307696,0.027472527472527472,0.03021978021978022,0.024725274725274724,0.027472527472527472,0.04120879120879121,0.024725274725274724,0.07692307692307693,0.10164835164835165,0.013736263736263736,0.0521978021978022,0.057692307692307696,0.03571428571428571,0.07692307692307693,0.06318681318681318,0.016483516483516484,0.038461538461538464,0.09340659340659341,Class A,sp|Q92633
0.049723756906077346,0.027624309392265192,0.09392265193370165,0.03867403314917127,0.06629834254143646,0.0718232044198895,0.03314917127071823,0.143646408839779,0.049723756906077346,0.016574585635359115,0.03314917127071823,0.03867403314917127,0.022099447513812154,0.022099447513812154,0.04419889502762431,0.07734806629834254,0.06077348066298342,0.027624309392265192,0.049723756906077346,0.03314917127071823,Class B,sp|P82186
0.08788598574821853,0.06413301662707839,0.030878859857482184,0.03800475059382423,0.021377672209026127,0.035629453681710214,0.05938242280285035,0.0997624703087886,0.0332541567695962,0.06413301662707839,0.1187648456057007,0.040380047505938245,0.014251781472684086,0.040380047505938245,0.08076009501187649,0.0498812351543943,0.023752969121140142,0.014251781472684086,0.030878859857482184,0.052256532066508314,Class B,sp|Q8N9L9
0.10416666666666667,0.09722222222222222,0.020833333333333332,0.013888888888888888,0.0,0.020833333333333332,0.0625,0.18055555555555555,0.006944444444444444,0.06944444444444445,0.08333333333333333,0.09027777777777778,0.013888888888888888,0.027777777777777776,0.027777777777777776,0.04861111111111111,0.0625,0.0,0.006944444444444444,0.0625,Class B,sp|P02413
0.10955056179775281,0.06741573033707865,0.0449438202247191,0.025280898876404494,0.025280898876404494,0.03932584269662921,0.05337078651685393,0.056179775280898875,0.019662921348314606,0.019662921348314606,0.08707865168539326,0.047752808988764044,0.028089887640449437,0.025280898876404494,0.07584269662921349,0.05056179775280899,0.0898876404494382,0.014044943820224719,0.042134831460674156,0.07865168539325842,Class A,sp|P07173
0.060109289617486336,0.04918032786885246,0.03278688524590164,0.0546448087431694,0.02185792349726776,0.04918032786885246,0.09836065573770492,0.07650273224043716,0.0,0.06557377049180328,0.06557377049180328,0.060109289617486336,0.03278688524590164,0.04371584699453552,0.03278688524590164,0.07650273224043716,0.03278688524590164,0.00546448087431694,0.04371584699453552,0.09836065573770492,Class A,sp|P61225
0.044662309368191724,0.03376906318082789,0.046840958605664486,0.05555555555555555,0.0196078431372549,0.0457516339869281,0.06535947712418301,0.05010893246187364,0.02505446623093682,0.05228758169934641,0.07080610021786492,0.06427015250544663,0.016339869281045753,0.04030501089324619,0.058823529411764705,0.09259259259259259,0.0860566448801743,0.020697167755991286,0.037037037037037035,0.07407407407407407,Class B,sp|P40189
0.0509131156613171,0.06087437742114001,0.040398450470392915,0.054233536247924735,0.03597122302158273,0.04814609850581074,0.06917542888765911,0.07858328721638075,0.024349750968456003,0.036524626452684006,0.09795240730492528,0.039291643608190374,0.018262313226342003,0.02933038184836746,0.06032097399003874,0.08301051466519092,0.06253458771444383,0.012728278915329275,0.03099059214167128,0.06640841173215274,Class B,sp|Q64632
0.05588235294117647,0.05,0.047058823529411764,0.07647058823529412,0.01764705882352941,0.041176470588235294,0.03235294117647059,0.08529411764705883,0.041176470588235294,0.06470588235294118,0.08529411764705883,0.05588235294117647,0.01764705882352941,0.03235294117647059,0.01764705882352941,0.11176470588235295,0.04411764705882353,0.020588235294117647,0.01764705882352941,0.08529411764705883,Class B,sp|O94620
0.06511627906976744,0.037209302325581395,0.046511627906976744,0.07441860465116279,0.004651162790697674,0.037209302325581395,0.08372093023255814,0.05116279069767442,0.027906976744186046,0.06976744186046512,0.09302325581395349,0.07441860465116279,0.018604651162790697,0.037209302325581395,0.06511627906976744,0.06976744186046512,0.046511627906976744,0.009302325581395349,0.027906976744186046,0.06046511627906977,Class A,sp|P21734
0.08029197080291971,0.051094890510948905,0.021897810218978103,0.0948905109489051,0.0072992700729927005,0.0364963503649635,0.072992700729927,0.051094890510948905,0.014598540145985401,0.051094890510948905,0.10948905109489052,0.12408759124087591,0.043795620437956206,0.0364963503649635,0.0,0.08029197080291971,0.021897810218978103,0.014598540145985401,0.043795620437956206,0.043795620437956206,Class A,sp|P04537
0.07653061224489796,0.05612244897959184,0.02040816326530612,0.05102040816326531,0.00510204081632653,0.05102040816326531,0.07653061224489796,0.05612244897959184,0.01020408163265306,0.061224489795918366,0.10204081632653061,0.12244897959183673,0.025510204081632654,0.04591836734693878,0.04081632653061224,0.05102040816326531,0.04591836734693878,0.00510204081632653,0.00510204081632653,0.09183673469387756,Class A,sp|P82180
0.03669724770642202,0.05504587155963303,0.03669724770642202,0.05198776758409786,0.0061162079510703364,0.04281345565749235,0.10091743119266056,0.0581039755351682,0.024464831804281346,0.07339449541284404,0.08868501529051988,0.0856269113149847,0.027522935779816515,0.0581039755351682,0.039755351681957186,0.045871559633027525,0.04892966360856269,0.0030581039755351682,0.045871559633027525,0.07033639143730887,Class B,sp|P40336
0.060836501901140684,0.030418250950570342,0.08555133079847908,0.03612167300380228,0.015209125475285171,0.057034220532319393,0.045627376425855515,0.055133079847908745,0.017110266159695818,0.049429657794676805,0.08555133079847908,0.03612167300380228,0.009505703422053232,0.026615969581749048,0.07604562737642585,0.09315589353612168,0.10076045627376426,0.015209125475285171,0.034220532319391636,0.07034220532319392,Class B,sp|P13688
0.052845528455284556,0.07723577235772358,0.028455284552845527,0.028455284552845527,0.028455284552845527,0.036585365853658534,0.06910569105691057,0.06910569105691057,0.024390243902439025,0.044715447154471545,0.14634146341463414,0.028455284552845527,0.012195121951219513,0.06097560975609756,0.06504065040650407,0.04878048780487805,0.036585365853658534,0.024390243902439025,0.036585365853658534,0.08130081300813008,Class B,sp|Q61885
0.10606060606060606,0.07575757575757576,0.03787878787878788,0.05555555555555555,0.007575757575757576,0.025252525252525252,0.06060606060606061,0.0707070707070707,0.017676767676767676,0.06313131313131314,0.12878787878787878,0.03282828282828283,0.020202020202020204,0.04040404040404041,0.07575757575757576,0.047979797979797977,0.05555555555555555,0.010101010101010102,0.007575757575757576,0.06060606060606061,Class A,sp|P9WPP7
0.09002433090024331,0.058394160583941604,0.031630170316301706,0.046228710462287104,0.014598540145985401,0.046228710462287104,0.06569343065693431,0.10462287104622871,0.012165450121654502,0.04866180048661801,0.10462287104622871,0.024330900243309004,0.019464720194647202,0.046228710462287104,0.058394160583941604,0.06082725060827251,0.06082725060827251,0.009732360097323601,0.012165450121654502,0.0851581508515815,Class B,sp|P12281
0.20454545454545456,0.10227272727272728,0.06818181818181818,0.03409090909090909,0.0,0.03409090909090909,0.011363636363636364,0.03409090909090909,0.03409090909090909,0.056818181818181816,0.045454545454545456,0.13636363636363635,0.03409090909090909,0.0,0.011363636363636364,0.056818181818181816,0.03409090909090909,0.0,0.03409090909090909,0.06818181818181818,Class A,sp|B7I5N9
0.1920374707259953,0.0351288056206089,0.00468384074941452,0.00936768149882904,0.0,0.01639344262295082,0.0234192037470726,0.10070257611241218,0.00936768149882904,0.00702576112412178,0.23185011709601874,0.02107728337236534,0.01405152224824356,0.053864168618266976,0.0585480093676815,0.03981264637002342,0.03981264637002342,0.01639344262295082,0.04449648711943794,0.08196721311475409,Class A,sp|Q56229
0.05551926845199216,0.020248203788373612,0.06139777922926192,0.02939255388634879,0.011103853690398433,0.13977792292619204,0.050293925538863485,0.05421293272370999,0.017635532331809273,0.037883736120182886,0.06727629000653168,0.032658393207054215,0.035924232527759635,0.03200522534291313,0.07446113651208361,0.1410842586544742,0.07250163291966036,0.0013063357282821686,0.009797517962116264,0.05551926845199216,Class B,sp|O94916
0.08653846153846154,0.057692307692307696,0.057692307692307696,0.04807692307692308,0.0,0.028846153846153848,0.057692307692307696,0.09615384615384616,0.009615384615384616,0.07692307692307693,0.038461538461538464,0.15384615384615385,0.009615384615384616,0.04807692307692308,0.028846153846153848,0.04807692307692308,0.028846153846153848,0.0,0.0,0.125,Class B,sp|P60624
0.10687022900763359,0.07633587786259542,0.0,0.05343511450381679,0.030534351145038167,0.04580152671755725,0.05343511450381679,0.11450381679389313,0.007633587786259542,0.030534351145038167,0.16030534351145037,0.015267175572519083,0.030534351145038167,0.015267175572519083,0.04580152671755725,0.0916030534351145,0.05343511450381679,0.022900763358778626,0.015267175572519083,0.030534351145038167,Class B,sp|Q03026
0.044293015332197615,0.05281090289608177,0.08347529812606473,0.06814310051107325,0.0,0.020442930153321975,0.11073253833049404,0.04599659284497445,0.02385008517887564,0.05281090289608177,0.07495741056218058,0.11754684838160136,0.018739352640545145,0.02385008517887564,0.039182282793867124,0.08858603066439523,0.07495741056218058,0.0034071550255536627,0.01192504258943782,0.044293015332197615,Class B,sp|Q12420
0.08588957055214724,0.05828220858895705,0.05828220858895705,0.049079754601226995,0.009202453987730062,0.11042944785276074,0.0705521472392638,0.06134969325153374,0.027607361963190184,0.046012269938650305,0.11349693251533742,0.06441717791411043,0.006134969325153374,0.027607361963190184,0.06441717791411043,0.049079754601226995,0.027607361963190184,0.015337423312883436,0.02147239263803681,0.03374233128834356,Class A,sp|G0S0R2
0.045,0.095,0.04,0.03,0.0,0.04,0.085,0.09,0.025,0.045,0.12,0.075,0.015,0.035,0.05,0.065,0.04,0.005,0.04,0.06,Class B,sp|P21466
0.08641975308641975,0.02880658436213992,0.04938271604938271,0.07818930041152264,0.0,0.0205761316872428,0.02880658436213992,0.07407407407407407,0.024691358024691357,0.04938271604938271,0.07818930041152264,0.04526748971193416,0.0,0.06172839506172839,0.04526748971193416,0.09053497942386832,0.08641975308641975,0.024691358024691357,0.053497942386831275,0.07407407407407407,Class B,sp|P24146
0.09375,0.015625,0.078125,0.015625,0.0,0.03125,0.0625,0.046875,0.0,0.078125,0.09375,0.0625,0.09375,0.0,0.09375,0.015625,0.078125,0.0,0.015625,0.125,Class B,sp|P35751
0.06719367588932806,0.05533596837944664,0.03557312252964427,0.05928853754940711,0.02766798418972332,0.05138339920948617,0.08300395256916997,0.03162055335968379,0.04743083003952569,0.07509881422924901,0.1067193675889328,0.05533596837944664,0.03162055335968379,0.03162055335968379,0.02766798418972332,0.06324110671936758,0.06324110671936758,0.003952569169960474,0.011857707509881422,0.07114624505928854,Class A,sp|E2AXC7
0.078125,0.171875,0.0625,0.03125,0.0,0.015625,0.015625,0.078125,0.046875,0.03125,0.078125,0.125,0.015625,0.015625,0.03125,0.0625,0.109375,0.0,0.0,0.03125,Class A,sp|A0QYU7
0.030120481927710843,0.05421686746987952,0.060240963855421686,0.060240963855421686,0.006024096385542169,0.07228915662650602,0.05421686746987952,0.05421686746987952,0.0,0.0783132530120482,0.1144578313253012,0.1144578313253012,0.030120481927710843,0.0783132530120482,0.024096385542168676,0.0963855421686747,0.006024096385542169,0.006024096385542169,0.030120481927710843,0.030120481927710843,Class A,sp|P07353
0.05664488017429194,0.0196078431372549,0.05010893246187364,0.006535947712418301,0.006535947712418301,0.02178649237472767,0.0196078431372549,0.037037037037037035,0.02832244008714597,0.08496732026143791,0.20915032679738563,0.023965141612200435,0.058823529411764705,0.04357298474945534,0.05010893246187364,0.09368191721132897,0.10457516339869281,0.02832244008714597,0.02832244008714597,0.02832244008714597,Class A,sp|P03905
0.10294117647058823,0.10294117647058823,0.014705882352941176,0.022058823529411766,0.0,0.03676470588235294,0.051470588235294115,0.09558823529411764,0.007352941176470588,0.04411764705882353,0.07352941176470588,0.11764705882352941,0.04411764705882353,0.04411764705882353,0.051470588235294115,0.014705882352941176,0.0661764705882353,0.014705882352941176,0.014705882352941176,0.08088235294117647,Class B,sp|P0ADY7
0.07755102040816327,0.06938775510204082,0.0326530612244898,0.044897959183673466,0.012244897959183673,0.05714285714285714,0.08979591836734693,0.06326530612244897,0.0163265306122449,0.03469387755102041,0.09591836734693877,0.04285714285714286,0.018367346938775512,0.026530612244897958,0.04081632653061224,0.08163265306122448,0.07755102040816327,0.018367346938775512,0.04285714285714286,0.05714285714285714,Class B,sp|O70624
0.10706638115631692,0.07708779443254818,0.06209850107066381,0.05139186295503212,0.006423982869379015,0.04925053533190578,0.06638115631691649,0.04925053533190578,0.019271948608137045,0.04925053533190578,0.10278372591006424,0.04925053533190578,0.017130620985010708,0.044967880085653104,0.044967880085653104,0.05139186295503212,0.05353319057815846,0.010706638115631691,0.023554603854389723,0.06423982869379015,Class A,sp|P03004
0.06724137931034482,0.05172413793103448,0.02413793103448276,0.05344827586206897,0.01896551724137931,0.05,0.08275862068965517,0.04482758620689655,0.02586206896551724,0.022413793103448276,0.1724137931034483,0.06379310344827586,0.02413793103448276,0.05172413793103448,0.05862068965517241,0.05344827586206897,0.04482758620689655,0.005172413793103448,0.017241379310344827,0.06724137931034482,Class A,sp|Q8WX92
0.0784313725490196,0.031862745098039214,0.04411764705882353,0.06372549019607843,0.022058823529411766,0.01715686274509804,0.07352941176470588,0.09558823529411764,0.01715686274509804,0.07352941176470588,0.07107843137254902,0.0661764705882353,0.03676470588235294,0.051470588235294115,0.058823529411764705,0.051470588235294115,0.03431372549019608,0.014705882352941176,0.03676470588235294,0.061274509803921566,Class A,sp|Q9X4Q8
0.06273764258555133,0.058935361216730035,0.034220532319391636,0.05038022813688213,0.013307984790874524,0.051330798479087454,0.07984790874524715,0.057034220532319393,0.025665399239543727,0.055133079847908745,0.09505703422053231,0.05988593155893536,0.03231939163498099,0.028517110266159697,0.0655893536121673,0.07699619771863118,0.04847908745247148,0.013307984790874524,0.03612167300380228,0.055133079847908745,Class A,sp|Q05397
0.105,0.04,0.05,0.05,0.01,0.045,0.08,0.035,0.01,0.065,0.09,0.07,0.02,0.03,0.065,0.055,0.06,0.02,0.03,0.07,Class A,sp|P61086
